{"cameraMode":{"drawMode":0,"name":"Shaded","section":"Shading Mode"},"sceneLighting":false,"audioPlay":false,"sceneViewState":{"showFog":true,"showMaterialUpdate":false,"showSkybox":true,"showFlares":true,"showImageEffects":true,"showParticleSystems":true},"in2DMode":false,"pivot":{"x":-0.004343986511230469,"y":15.700313568115235,"z":-0.2794837951660156},"rotation":{"x":-0.07723567634820938,"y":0.9092826843261719,"z":-0.1955275535583496,"w":-0.35917776823043826},"size":82.45854187011719,"orthographic":false}