{"cameraMode":{"drawMode":0,"name":"Shaded","section":"Shading Mode"},"sceneLighting":true,"audioPlay":false,"sceneViewState":{"showFog":true,"showMaterialUpdate":false,"showSkybox":true,"showFlares":true,"showImageEffects":true,"showParticleSystems":true},"in2DMode":false,"pivot":{"x":0.2449413537979126,"y":0.5651803016662598,"z":1.1565148830413819},"rotation":{"x":-0.07723567634820938,"y":0.9092826843261719,"z":-0.1955275535583496,"w":-0.35917776823043826},"size":6.9485087394714359,"orthographic":false}