{"cameraMode":{"drawMode":0,"name":"Shaded","section":"Shading Mode"},"sceneLighting":true,"audioPlay":false,"sceneViewState":{"showFog":true,"showMaterialUpdate":false,"showSkybox":true,"showFlares":true,"showImageEffects":true,"showParticleSystems":true},"in2DMode":false,"pivot":{"x":-4.146308898925781,"y":-0.7053642272949219,"z":0.6964282989501953},"rotation":{"x":-0.07723567634820938,"y":0.9092826843261719,"z":-0.1955275535583496,"w":-0.35917776823043826},"size":45.65739822387695,"orthographic":false}